"Datensatz-ID","Verlag / Marke","Spiel","Kategorie","Sprache","Linktyp","Anleitung / Regelquelle","Produkt- oder Katalogseite","Artikelnummer / EAN","Prüfstatus","Geprüft am","Hinweis"
"G0001","Schmidt Spiele","Kniffel","Familienspiel","Deutsch","Direkt-PDF","https://www.schmidtspiele.de/files/Produkte/4/49030%20-%20Kniffel/49030_Kniffel_DE.pdf","https://www.schmidtspiele.de/spielanleitungen.html","49030","offiziell geprüft","2026-07-24","PDF erreichbar"
"G0002","Schmidt Spiele","Geistertreppe","Kinderspiel","DE/FR/GB/IT","Direkt-PDF","https://www.schmidtspiele.de/files/Retail/72dpi_PNG/40811_Geistertreppe_DE_FR_GB_IT.pdf","https://www.schmidtspiele.de/spielanleitungen.html","40811","offiziell geprüft","2026-07-24","Mehrsprachige Anleitung"
"G0003","Schmidt Spiele","Tippi Toppi","Familienspiel","Deutsch","Direkt-PDF","https://www.schmidtspiele.de/files/Produkte/7/75051%20-%20Tippi%20Toppi/75051_Tippi_Toppi_DE.pdf","https://www.schmidtspiele.de/spielanleitungen.html","75051","offiziell geprüft","2026-07-24","PDF erreichbar"
"G0004","Schmidt Spiele","Mensch ärgere Dich nicht – Jubiläumsausgabe","Familienspiel","Deutsch","Direkt-PDF","https://www.schmidtspiele.de/files/Produkte/4/49020%20-%20Jubil%C3%A4umsausgabe/49020_49021_Mensch_aergere_Dich_nicht_DE.pdf","https://www.schmidtspiele.de/spielanleitungen.html","49020/49021","offiziell geprüft","2026-07-24","Edition beachten"
"G0005","Schmidt Spiele","Reise-Kniffel","Familienspiel","Deutsch","Direkt-PDF","https://www.schmidtspiele.de/files/Produkte/4/49091%20-%20Reise-Kniffel/49091_Reise-Kniffel_DE.pdf","https://www.schmidtspiele.de/spielanleitungen.html","49091","offiziell geprüft","2026-07-24","PDF erreichbar"
"G0006","Schmidt Spiele","Schiffe versenken","Familienspiel","DE/FR/IT","Direkt-PDF","https://www.schmidtspiele.de/files/Produkte/4/49092%20-%20Schiffe%20versenken/49092_Schiffe_versenken_DE-FR-IT.pdf","https://www.schmidtspiele.de/spielanleitungen.html","49092","offiziell geprüft","2026-07-24","Mehrsprachige Anleitung"
"G0007","Schmidt Spiele","Die Tavernen im Tiefen Thal","Kennerspiel","Deutsch","Direkt-PDF","https://www.schmidtspiele.de/files/Produkte/4/49351%20-%20Die%20Tavernen%20im%20Tiefen%20Thal/49351_Die_Tavernen_Anleitung_DE.pdf","https://www.schmidtspiele.de/spielanleitungen.html","49351","offiziell geprüft","2026-07-24","Zusätzliches Beiblatt vorhanden"
"G0008","Schmidt Spiele","Schach","Klassiker","DE/FR/IT/GB/ES","Direkt-PDF","https://www.schmidtspiele.de/files/Produkte/4/49082%20-%20Schach/49082_Schach_DE-FR-IT-GB-ES.pdf","https://www.schmidtspiele.de/spielanleitungen.html","49082","offiziell geprüft","2026-07-24","Mehrsprachige Anleitung"
"G0009","Schmidt Spiele","Spielesammlung","Spielesammlung","Deutsch","Direkt-PDF","https://www.schmidtspiele.de/files/Produkte/4/49147%20-%20Spielesammlung/49147_Spielesammlung_100-D.pdf","https://www.schmidtspiele.de/spielanleitungen.html","49147","offiziell geprüft","2026-07-24","Enthält mehrere klassische Spiele"
"G0010","Schmidt Spiele","Noch mal!","Würfelspiel","Deutsch","Direkt-PDF","https://www.schmidtspiele.de/files/Produkte/4/49327%20-%20Noch%20mal%21/49327_Noch_Mal_DE.pdf","https://www.schmidtspiele.de/spielanleitungen.html","49327","offiziell geprüft","2026-07-24","PDF erreichbar"
"G0011","Schmidt Spiele","Doppelt so clever","Würfelspiel","Deutsch","Direkt-PDF","https://www.schmidtspiele.de/files/Produkte/4/49357%20-%20Doppelt%20so%20clever/49357_Doppelt_so_clever_DE.pdf","https://www.schmidtspiele.de/spielanleitungen.html","49357","offiziell geprüft","2026-07-24","PDF erreichbar"
"G0012","Schmidt Spiele / Drei Magier","Mogel Motte","Kartenspiel","DE/GB/FR/IT","Produktseite mit PDF","https://www.schmidtspiele.de/details/produkt/mogel-motte.html","https://www.schmidtspiele.de/spielanleitungen.html","40862","offiziell geprüft","2026-07-24","PDF auf Produktseite"
"G0013","HABA","Obstgarten","Kinderspiel","Mehrsprachig","Regelkatalog-Eintrag","https://www.haba-play.com/de-de/s/service-vorteile/spieleanleitungen-produktinfos/spieleanleitungen","https://www.haba-play.com/de-de/s/service-vorteile/spieleanleitungen-produktinfos/spieleanleitungen","1000017","Katalog geprüft","2026-07-24","Download im offiziellen Katalog"
"G0014","HABA","Meine ersten Spiele – Erster Obstgarten","Kinderspiel","Mehrsprachig","Regelkatalog-Eintrag","https://www.haba-play.com/de-de/s/service-vorteile/spieleanleitungen-produktinfos/spieleanleitungen","https://www.haba-play.com/de-de/s/service-vorteile/spieleanleitungen-produktinfos/spieleanleitungen","1000429","Katalog geprüft","2026-07-24","Download im offiziellen Katalog"
"G0015","HABA","Meine ersten Spiele – Fische angeln","Kinderspiel","Mehrsprachig","Regelkatalog-Eintrag","https://www.haba-play.com/de-de/s/service-vorteile/spieleanleitungen-produktinfos/spieleanleitungen","https://www.haba-play.com/de-de/s/service-vorteile/spieleanleitungen-produktinfos/spieleanleitungen","1000667","Katalog geprüft","2026-07-24","Download im offiziellen Katalog"
"G0016","HABA","Funkelschatz","Kinderspiel","Mehrsprachig","Regelkatalog-Eintrag","https://www.haba-play.com/de-de/s/service-vorteile/spieleanleitungen-produktinfos/spieleanleitungen","https://www.haba-play.com/de-de/s/service-vorteile/spieleanleitungen-produktinfos/spieleanleitungen","303401","Katalog geprüft","2026-07-24","Download im offiziellen Katalog"
"G0017","HABA","Einhorn Glitzerglück – Der Wolkenschatz","Kinderspiel","Mehrsprachig","Regelkatalog-Eintrag","https://www.haba-play.com/de-de/s/service-vorteile/spieleanleitungen-produktinfos/spieleanleitungen","https://www.haba-play.com/de-de/s/service-vorteile/spieleanleitungen-produktinfos/spieleanleitungen","1000776","Katalog geprüft","2026-07-24","Download im offiziellen Katalog"
"G0018","HABA","Würfelkönig","Familienspiel","Mehrsprachig","Regelkatalog-Eintrag","https://www.haba-play.com/de-de/s/service-vorteile/spieleanleitungen-produktinfos/spieleanleitungen","https://www.haba-play.com/de-de/s/service-vorteile/spieleanleitungen-produktinfos/spieleanleitungen","303484","Katalog geprüft","2026-07-24","Download im offiziellen Katalog"
"G0019","HABA","Tier auf Tier","Kinderspiel","Mehrsprachig","Regelkatalog-Eintrag","https://www.haba-play.com/de-de/s/service-vorteile/spieleanleitungen-produktinfos/spieleanleitungen","https://www.haba-play.com/de-de/s/service-vorteile/spieleanleitungen-produktinfos/spieleanleitungen","1000157","Katalog geprüft","2026-07-24","Download im offiziellen Katalog"
"G0020","HABA","Karuba","Familienspiel","Mehrsprachig","Regelkatalog-Eintrag","https://www.haba-play.com/de-de/s/service-vorteile/spieleanleitungen-produktinfos/spieleanleitungen","https://www.haba-play.com/de-de/s/service-vorteile/spieleanleitungen-produktinfos/spieleanleitungen","300931","Katalog geprüft","2026-07-24","Download im offiziellen Katalog"
"G0021","HABA","Monza","Kinderspiel","Mehrsprachig","Regelkatalog-Eintrag","https://www.haba-play.com/de-de/s/service-vorteile/spieleanleitungen-produktinfos/spieleanleitungen","https://www.haba-play.com/de-de/s/service-vorteile/spieleanleitungen-produktinfos/spieleanleitungen","1000111","Katalog geprüft","2026-07-24","Download im offiziellen Katalog"
"G0022","HABA","Verfühlt nochmal!","Kinderspiel","Mehrsprachig","Regelkatalog-Eintrag","https://www.haba-play.com/de-de/s/service-vorteile/spieleanleitungen-produktinfos/spieleanleitungen","https://www.haba-play.com/de-de/s/service-vorteile/spieleanleitungen-produktinfos/spieleanleitungen","304507","Katalog geprüft","2026-07-24","Download im offiziellen Katalog"
"G0023","AMIGO","SET","Kartenspiel","Deutsch","Direkt-PDF","https://blog.amigo-spiele.de/content/ap/rule/03703-DE-AmigoRule.pdf","https://blog.amigo-spiele.de/spielregeln/","03703","offiziell geprüft","2026-07-24","PDF erreichbar"
"G0024","AMIGO","6 nimmt!","Kartenspiel","Deutsch","Direkt-PDF","https://blog.amigo-spiele.de/content/ap/rule/04910-DE-AmigoRule.pdf","https://blog.amigo-spiele.de/spielregeln/","04910","offiziell geprüft","2026-07-24","PDF erreichbar"
"G0025","AMIGO","Rage","Kartenspiel","Deutsch","Direkt-PDF","https://blog.amigo-spiele.de/content/ap/rule/00990-DE-AmigoRule.pdf","https://blog.amigo-spiele.de/spielregeln/","00990","offiziell geprüft","2026-07-24","PDF erreichbar"
"G0026","AMIGO","Wizard","Kartenspiel","Deutsch","Direkt-PDF","https://blog.amigo-spiele.de/content/ap/rule/06900-DE-AmigoRule.pdf","https://blog.amigo-spiele.de/spielregeln/","06900","offiziell geprüft","2026-07-24","PDF erreichbar"
"G0027","AMIGO","3 Chapters","Kartenspiel","Deutsch","Direkt-PDF","https://blog.amigo-spiele.de/content/ap/rule/02451-DE-AmigoRule.pdf","https://blog.amigo-spiele.de/spielregeln/","02451","offiziell geprüft","2026-07-24","PDF erreichbar"
"G0028","AMIGO","LAMA","Kartenspiel","Deutsch","Regelportal","https://blog.amigo-spiele.de/spielregeln/","https://blog.amigo-spiele.de/spielregeln/","01907","Katalog geprüft","2026-07-24","Spiel im offiziellen Regelportal gelistet"
"G0029","Hans im Glück","Carcassonne","Familienspiel","Deutsch","Direkt-PDF","https://www.hans-im-glueck.de/wp-content/uploads/2023/06/CC-C3-SR.pdf","https://www.hans-im-glueck.de/spiele/carcassonne.html","","offiziell geprüft","2026-07-24","Aktuelle Grundregel"
"G0030","Hans im Glück","Paleo","Kennerspiel","Deutsch","Direkt-PDF","https://www.hans-im-glueck.de/wp-content/uploads/2023/06/paleo-V3-2021_REGEL_PROD-KORR-210617-komprimiert.pdf","https://www.hans-im-glueck.de/spiele/paleo.html","","offiziell geprüft","2026-07-24","PDF erreichbar"
"G0031","Hans im Glück","Botanicus","Familienspiel","Deutsch","Direkt-PDF","https://www.hans-im-glueck.de/wp-content/uploads/2024/05/Botanicus_rule_DE_web.pdf","https://www.hans-im-glueck.de/spiele/botanicus.html","","offiziell geprüft","2026-07-24","PDF erreichbar"
"G0032","Hans im Glück","El Grande","Kennerspiel","Deutsch","Direkt-PDF","https://www.hans-im-glueck.de/wp-content/uploads/2023/07/ElGrande_2023_rule_DE_Web_08-11-23.pdf","https://www.hans-im-glueck.de/spiele/el-grande.html","","offiziell geprüft","2026-07-24","Edition 2023"
"G0033","Hans im Glück","Karvi","Kennerspiel","Deutsch","Direkt-PDF","https://www.hans-im-glueck.de/wp-content/uploads/2023/08/Karvi_rule_DE_web-smaller.pdf","https://www.hans-im-glueck.de/spiele/karvi.html","","offiziell geprüft","2026-07-24","PDF erreichbar"
"G0034","Hans im Glück","Citadels","Kartenspiel","Deutsch","Direkt-PDF","https://www.hans-im-glueck.de/wp-content/uploads/2023/06/Cit22_Regel_web.pdf","https://www.hans-im-glueck.de/spiele/citadels.html","","offiziell geprüft","2026-07-24","Edition beachten"
"G0035","KOSMOS","The Gang","Kartenspiel","Deutsch","Direkt-PDF","https://cms.kosmos.de/Downloads/4002051683887_TheGang_Manual_DE_web.pdf","https://www.kosmos.de/","4002051683887","offiziell geprüft","2026-07-24","PDF erreichbar"
"G0036","KOSMOS","Color Craze","Familienspiel","Deutsch","Direkt-PDF","https://cms.kosmos.de/game-instructions/4002051684587_Color_Craze_Manual_DE_web.pdf","https://www.kosmos.de/","4002051684587","offiziell geprüft","2026-07-24","PDF erreichbar"
"G0037","KOSMOS","Australis","Familienspiel","Deutsch","Direkt-PDF","https://cms.kosmos.de/game-instructions/4002051683467_Australis_Manual_DE_290724_web.pdf","https://www.kosmos.de/","4002051683467","offiziell geprüft","2026-07-24","PDF erreichbar"
"G0038","KOSMOS","Mission Mars","Abenteuerspiel","Deutsch","Direkt-PDF","https://cms.kosmos.de/game-instructions/40020511685331_AG_MissionMars_Manual.pdf","https://www.kosmos.de/","40020511685331","offiziell geprüft","2026-07-24","PDF erreichbar"
"G0039","KOSMOS","Anno 1800","Kennerspiel","Deutsch","Produktseite","https://www.kosmos.de/products/anno-1800","https://www.kosmos.de/products/anno-1800","","Produktseite geprüft","2026-07-24","Produktinformationen vorhanden; PDF noch zu extrahieren"
"G0040","KOSMOS","Die Monochrome AG","EXIT-Spiel","Deutsch","Direkt-PDF","https://cms.kosmos.de/game-instructions/4002051695132_MonochromeAG_Manual_191121_web.pdf","https://www.kosmos.de/","4002051695132","offiziell geprüft","2026-07-24","PDF erreichbar"
"G0041","Pegasus Spiele","Eclipse – Das zweite galaktische Zeitalter","Expertenspiel","Deutsch","Downloadarchiv","https://pegasus.de/Produkte/Downloads/","https://pegasus.de/Produkte/Downloads/","","Katalog geprüft","2026-07-24","Grundspiel-Anleitung im offiziellen Archiv"
"G0042","Pegasus Spiele","UNDO","Erzählspiel","Deutsch","Direkt-PDF","https://pegasus.de/Produkte/Downloads/","https://pegasus.de/Produkte/Downloads/","","Katalog geprüft","2026-07-24","Allgemeine Anleitung im offiziellen Archiv"
"G0043","Pegasus Spiele","Chomp","Kartenspiel","Deutsch","Direkt-PDF","https://cdn.pegasus.de/public/media/f3/6e/a1/1756361264/chomp-anleitung.pdf?ts=1756361290","https://pegasus.de/","","offiziell geprüft","2026-07-24","PDF erreichbar"
"G0044","Pegasus Spiele","Men-Nefer","Kennerspiel","Deutsch","Direkt-PDF","https://cdn.pegasus.de/public/media/43/f8/39/1752666636/men-nefer-anleitung.pdf?ts=1752672113","https://pegasus.de/","","offiziell geprüft","2026-07-24","PDF erreichbar"
"G0045","Pegasus Spiele","Dorfromantik – Sakura","Familienspiel","Deutsch","Direkt-PDF","https://cdn.pegasus.de/public/media/4f/fb/56/1752666640/dorfromantik-sakura-anleitung.pdf?ts=1752672104","https://pegasus.de/","","offiziell geprüft","2026-07-24","PDF erreichbar"
"G0046","Pegasus Spiele","Everdell","Kennerspiel","Deutsch","Direkt-PDF","https://cdn.pegasus.de/public/media/83/a5/65/1717757222/4250231727238_detodk7zhz1gjb1.pdf?ts=1752574417","https://pegasus.de/","4250231727238","offiziell geprüft","2026-07-24","Gefundene Datei enthält Zusatz-/Soloregeln; Grundregel separat prüfen"
"G0047","Asmodee Deutschland / Libellud","Dixit","Familienspiel","Deutsch","Produktseite mit Regel","https://www.asmodee.de/produkte/dixit","https://www.asmodee.de/produkte/dixit","","Produktseite geprüft","2026-07-24","Offizieller Regel-Download unter Zusatzmaterial"
"G0048","Asmodee Deutschland / Libellud","Dixit Odyssey","Familienspiel","Deutsch","Produktseite mit Regel","https://www.asmodee.de/produkte/dixit-odyssey","https://www.asmodee.de/produkte/dixit-odyssey","","Produktseite geprüft","2026-07-24","Offizieller Regel-Download unter Zusatzmaterial"
"G0049","Asmodee Deutschland / Days of Wonder","Zug um Zug: Berlin","Familienspiel","Deutsch/Englisch","Produktseite mit Regel","https://www.asmodee.de/produkte/zug-um-zug-berlin","https://www.asmodee.de/produkte/zug-um-zug-berlin","","Produktseite geprüft","2026-07-24","Regel und englisches Leaflet"
"G0050","Asmodee Deutschland / Days of Wonder","Zug um Zug: Polarlichter","Familienspiel","Deutsch","Produktseite mit Regel","https://www.asmodee.de/produkte/zug-um-zug-polarlichter","https://www.asmodee.de/produkte/zug-um-zug-polarlichter","","Produktseite geprüft","2026-07-24","Offizieller Regel-Download unter Zusatzmaterial"
"G0051","Asmodee Deutschland / Repos Production","Der Herr der Ringe: Duell um Mittelerde","Strategiespiel","Deutsch","Produktseite mit Regel","https://www.asmodee.de/produkte/der-herr-der-ringe-duell-um-mittelerde","https://www.asmodee.de/produkte/der-herr-der-ringe-duell-um-mittelerde","","Produktseite geprüft","2026-07-24","Offizieller Regel-Download unter Zusatzmaterial"
"G0052","Asmodee Deutschland","In aller Ruhe","Kartenspiel","Deutsch","Produktseite mit Regel","https://www.asmodee.de/produkte/in-aller-ruhe","https://www.asmodee.de/produkte/in-aller-ruhe","","Produktseite geprüft","2026-07-24","Regel, Varianten und FAQ vorhanden"
