"Verlag-ID","Priorität","Verlag","Land","Startseite","Spieleübersicht","Anleitungsquelle","Relevanz","Status","Hinweis"
"P01","1","KOSMOS","Deutschland","https://www.kosmos.de/","https://www.kosmos.de/collections/spiele","Produktseiten und CMS-PDFs","Sehr hoch","Begonnen","Großes Familien-, Kenner-, Kinder- und EXIT-Programm"
"P02","1","Ravensburger","Deutschland","https://www.ravensburger.de/de-DE","https://www.ravensburger.de/de-DE/produkte/spiele","https://www.ravensburger.de/de-DE/service/spielanleitungen","Sehr hoch","Portal erfasst","Zentrale Suchseite, PDF-Link wird dynamisch ermittelt"
"P03","1","Schmidt Spiele","Deutschland","https://www.schmidtspiele.de/","https://www.schmidtspiele.de/produkte.html","https://www.schmidtspiele.de/spielanleitungen.html","Sehr hoch","Begonnen","Sehr gut erschließbares zentrales Regelarchiv"
"P04","1","Pegasus Spiele","Deutschland","https://pegasus.de/","https://pegasus.de/Sortiment/Spiele/","https://pegasus.de/Produkte/Downloads/","Sehr hoch","Begonnen","Aktuelle Regeln meist an Produktseiten, ältere Materialien im Downloadarchiv"
"P05","1","Asmodee Deutschland","Deutschland","https://www.asmodee.de/","https://www.asmodee.de/produkte","https://www.asmodee.de/produkte","Sehr hoch","Begonnen","Distributor zahlreicher Verlagsmarken; Regeln als Zusatzmaterial"
"P06","1","AMIGO","Deutschland","https://www.amigo-spiele.de/","https://www.amigo-spiele.de/spiel-sortiment/","https://blog.amigo-spiele.de/spielregeln/","Hoch","Begonnen","Alle aktuellen Anleitungen laut Verlag auf den Produktseiten"
"P07","1","HABA","Deutschland","https://www.haba-play.com/de-de","https://www.haba-play.com/de-de/c/spiele-buecher","https://www.haba-play.com/de-de/s/service-vorteile/spieleanleitungen-produktinfos/spieleanleitungen","Hoch","Begonnen","Besonders wichtig für Kinder- und Lernspiele"
"P08","1","Hans im Glück","Deutschland","https://www.hans-im-glueck.de/","https://www.hans-im-glueck.de/spiele/","https://www.hans-im-glueck.de/spiele/","Hoch","Begonnen","Regeln auf Spielseiten bzw. im offiziellen PDF-Speicher"
"P09","2","Feuerland Spiele","Deutschland","https://www.feuerland-spiele.de/","https://www.feuerland-spiele.de/spiele/","https://www.feuerland-spiele.de/spiele/","Hoch","Vorgemerkt","Wichtig für moderne Kenner- und Expertenspiele"
"P10","2","Queen Games","Deutschland","https://new.queen-games.com/","https://new.queen-games.com/de/spiele/","https://new.queen-games.com/de/spiele/","Mittel","Vorgemerkt","Internationales Familien- und Kennerspielprogramm"
"P11","2","Nürnberger-Spielkarten-Verlag (NSV)","Deutschland","https://www.nsv.de/","https://www.nsv.de/spiele/","https://www.nsv.de/spiele/","Mittel","Vorgemerkt","Kartenspiele und kompakte Würfelspiele"
"P12","2","Lookout Spiele","Deutschland","https://lookout-spiele.de/","https://lookout-spiele.de/de/games/","https://lookout-spiele.de/de/games/","Mittel","Vorgemerkt","Kenner- und Strategiespiele; Teil der Asmodee-Gruppe"
